{
  "Ansi 6 Color" : {
    "Green Component" : 0.75294117647058822,
    "Red Component" : 0.4392156862745098,
    "Blue Component" : 0.69411764705882351
  },
  "Tags" : [

  ],
  "Ansi 12 Color" : {
    "Green Component" : 0.65098039220000004,
    "Red Component" : 0.47843137250000001,
    "Blue Component" : 0.85490196080000003
  },
  "Use Non-ASCII Font" : false,
  "Normal Font" : "Monaco 12",
  "Bold Color" : {
    "Green Component" : 0.91671288009999996,
    "Red Component" : 0.91654461620000005,
    "Blue Component" : 0.91648769379999995
  },
  "Ansi 2 Color" : {
    "Green Component" : 0.792156862745098,
    "Red Component" : 0.72549019607843135,
    "Blue Component" : 0.29019607843137252
  },
  "Ansi 4 Color" : {
    "Green Component" : 0.65098039215686276,
    "Red Component" : 0.47843137254901957,
    "Blue Component" : 0.85490196078431369
  },
  "Ansi 5 Color" : {
    "Green Component" : 0.59215686274509804,
    "Red Component" : 0.76470588235294112,
    "Blue Component" : 0.84705882352941175
  },
  "Rows" : 25,
  "Default Bookmark" : "No",
  "Cursor Guide Color" : {
    "Red Component" : 0.74862593412399292,
    "Color Space" : "P3",
    "Blue Component" : 0.99125725030899048,
    "Alpha Component" : 0.25,
    "Green Component" : 0.92047786712646484
  },
  "Non-ASCII Anti Aliased" : true,
  "Use Bright Bold" : true,
  "Ansi 10 Color" : {
    "Green Component" : 0.79215686269999996,
    "Red Component" : 0.72549019609999998,
    "Blue Component" : 0.2901960784
  },
  "Icon" : 1,
  "Ambiguous Double Width" : false,
  "Jobs to Ignore" : [
    "rlogin",
    "ssh",
    "slogin",
    "telnet"
  ],
  "Ansi 15 Color" : {
    "Green Component" : 0.99997437000274658,
    "Red Component" : 1,
    "Blue Component" : 0.99999129772186279
  },
  "Foreground Color" : {
    "Green Component" : 0.91671288013458252,
    "Red Component" : 0.91654461622238159,
    "Blue Component" : 0.91648769378662109
  },
  "Working Directory" : "\/Users\/kokoax",
  "Blinking Cursor" : false,
  "Disable Window Resizing" : true,
  "Sync Title" : false,
  "Prompt Before Closing 2" : false,
  "BM Growl" : true,
  "Command" : "",
  "Description" : "Default",
  "Mouse Reporting" : true,
  "Screen" : -1,
  "Selection Color" : {
    "Green Component" : 0.26027005910873413,
    "Red Component" : 0.26022228598594666,
    "Blue Component" : 0.26020613312721252
  },
  "Columns" : 80,
  "Idle Code" : 0,
  "Ansi 13 Color" : {
    "Green Component" : 0.59215686270000001,
    "Red Component" : 0.76470588240000004,
    "Blue Component" : 0.84705882349999995
  },
  "Send New Output Alert" : false,
  "Custom Command" : "No",
  "ASCII Anti Aliased" : true,
  "Non Ascii Font" : "Monaco 12",
  "Vertical Spacing" : 1,
  "Use Bold Font" : true,
  "Option Key Sends" : 0,
  "Selected Text Color" : {
    "Green Component" : 0.91671288013458252,
    "Red Component" : 0.91654461622238159,
    "Blue Component" : 0.91648769378662109
  },
  "Background Color" : {
    "Green Component" : 0,
    "Red Component" : 0,
    "Blue Component" : 0
  },
  "Character Encoding" : 4,
  "Ansi 11 Color" : {
    "Green Component" : 0.7725490196,
    "Red Component" : 0.90588235289999997,
    "Blue Component" : 0.2784313725
  },
  "Use Italic Font" : true,
  "Unlimited Scrollback" : false,
  "Keyboard Map" : {

  },
  "Window Type" : 0,
  "Cursor Type" : 2,
  "Background Image Location" : "",
  "Blur" : false,
  "Badge Color" : {
    "Red Component" : 0.92929404973983765,
    "Color Space" : "P3",
    "Blue Component" : 0.13960540294647217,
    "Alpha Component" : 0.5,
    "Green Component" : 0.25479039549827576
  },
  "Scrollback Lines" : 1000,
  "Send Code When Idle" : false,
  "Close Sessions On End" : true,
  "Terminal Type" : "xterm-256color",
  "Visual Bell" : true,
  "Flashing Bell" : false,
  "Silence Bell" : true,
  "Ansi 14 Color" : {
    "Green Component" : 0.75294117650000003,
    "Red Component" : 0.43921568630000002,
    "Blue Component" : 0.69411764710000001
  },
  "Name" : "Default",
  "Cursor Text Color" : {
    "Green Component" : 0,
    "Red Component" : 0,
    "Blue Component" : 0
  },
  "Match Background Color" : {
    "Red Component" : 1,
    "Color Space" : "P3",
    "Blue Component" : 0,
    "Alpha Component" : 1,
    "Green Component" : 1
  },
  "Shortcut" : "",
  "Cursor Color" : {
    "Green Component" : 0.91671288009999996,
    "Red Component" : 0.91654461620000005,
    "Blue Component" : 0.91648769379999995
  },
  "Ansi 0 Color" : {
    "Green Component" : 0,
    "Red Component" : 0,
    "Blue Component" : 0
  },
  "Transparency" : 0,
  "Custom Directory" : "No",
  "Link Color" : {
    "Red Component" : 0.14513972401618958,
    "Color Space" : "P3",
    "Blue Component" : 0.7093239426612854,
    "Alpha Component" : 1,
    "Green Component" : 0.35333043336868286
  },
  "Guid" : "1B504C55-190F-4839-A78F-3A5280778430",
  "Ansi 1 Color" : {
    "Green Component" : 0.30588235294117649,
    "Red Component" : 0.83529411764705885,
    "Blue Component" : 0.32549019607843138
  },
  "Ansi 3 Color" : {
    "Green Component" : 0.77254901960784317,
    "Red Component" : 0.90588235294117647,
    "Blue Component" : 0.27843137254901962
  },
  "Ansi 7 Color" : {
    "Green Component" : 0.99997437000274658,
    "Red Component" : 1,
    "Blue Component" : 0.99999129772186279
  },
  "Ansi 8 Color" : {
    "Green Component" : 0,
    "Red Component" : 0,
    "Blue Component" : 0
  },
  "Ansi 9 Color" : {
    "Green Component" : 0.30588235289999999,
    "Red Component" : 0.83529411760000005,
    "Blue Component" : 0.32549019610000002
  },
  "Horizontal Spacing" : 1,
  "Right Option Key Sends" : 0
}